102292,AC01_001,FSM01
100190,AC01_022,FSM01
100637,AC01_032,FSM01
98933,AC01_033,FSM01
99998,AC01_034,FSM01
100026,AC01_049,FSM01
101494,AC01_051,FSM01
100739,AC01_052,FSM01
100699,AC01_054,FSM01
100698,AC01_056,FSM01
99607,AC01_057,FSM01
100029,AC01_058,FSM01
99617,AC01_060,FSM01
101040,AC01_061,FSM01
100700,AC01_062,FSM01
100701,AC01_063,FSM01
102585,AC01_064,FSM01
100322,AC01_073,FSM01
99419,AC01_080,FSM01
101635,AC01_091,FSM01
101044,AC01_092,FSM01
101598,AC01_152,FSM01
100706,AC01_164,FSM01
100743,AC01_196,FSM01
100707,AC01_200,FSM01
99614,AC01_201,FSM01
101505,AC01_202,FSM01
100628,AC01_203,FSM01
100748,AC01_204,FSM01
99469,AC01_206,FSM01
101614,AC01_207,FSM01
100708,AC02_026,FSM01
99897,AC02_042,FSM01
101609,AC02_043,FSM01
98886,AC02_050,FSM01
100742,AC02_057,FSM01
101043,AC02_058,FSM01
101628,AC02_067,FSM01
99657,AC02_069,FSM01
98914,AC02_075,FSM01
100712,AC02_081,FSM01
101605,AC02_084,FSM01
100648,AC02_086,FSM01
101618,AC02_090,FSM01
99391,AC02_091,FSM01
101610,AC02_092,FSM01
101495,AC02_100,FSM01
99416,AC02_112,FSM01
100643,AC02_113,FSM01
101600,AC02_114,FSM01
100740,AC02_115,FSM01
100714,AC02_120,FSM01
99671,AC02_121,FSM01
101602,AC02_130,FSM01
100695,AC02_144,FSM01
100715,AC02_158,FSM01
100716,AC02_159,FSM01
101340,AC03_007,FSM01
104054,AC03_012,FSM01
102597,AC03_019,FSM01
101623,AC03_047,FSM01
103232,AC03_056,FSM01
102660,AC03_064,FSM01
101653,AC03_065,FSM01
101903,AC03_066,FSM01
102414,AC03_067,FSM01
102498,AC03_092,FSM01
98928,AC03_095,FSM01
101538,AC03_096,FSM01
103618,AC03_101,FSM01
103267,AC03_111,FSM01
101046,AC03_116,FSM01
100747,AC03_117,FSM01
101756,AC03_118,FSM01
103057,AC03_131,FSM01
100596,AC03_134,FSM01
100688,AC03_135,FSM01
103493,AC03_142,FSM01
103048,AG40_077,FSM01
126124,BC01_028,FSM04
126552,BC01_029,FSM04
126319,BC01_079,FSM04
126357,BC01_087,FSM04
126385,BC01_088,FSM04
126512,BC01_089,FSM04
126261,BC02_018,FSM04
126062,BC03_004a,FSM04
126349,BC03_004b,FSM04
126198,BC04_054,FSM04
126179,BC05_030,FSM04
126061,BC05_031,FSM04
126153,BC05_032,FSM04
126362,BC05_033,FSM04
126049,BC05_034,FSM04
125892,BC05_039,FSM04
126059,BC05_042,FSM04
126302,BC05_060,FSM04
395535,BF102_0097,FSM06
395591,BF103_0056,FSM06
396560,BF106_0001,FSM07
396561,BF106_0002,FSM07
396562,BF106_0003,FSM07
396563,BF106_0004,FSM07
396564,BF106_0005,FSM07
396565,BF106_0006,FSM07
396566,BF106_0007,FSM07
396567,BF106_0008,FSM07
396568,BF106_0009,FSM07
396569,BF106_0010,FSM07
396570,BF106_0011,FSM07
396571,BF106_0012,FSM07
396572,BF106_0013,FSM07
396573,BF106_0014,FSM07
396574,BF106_0015,FSM07
396575,BF106_0016,FSM07
396576,BF106_0017,FSM07
396577,BF106_0018,FSM07
396578,BF106_0019,FSM07
396579,BF106_0020,FSM07
396580,BF106_0021,FSM07
396581,BF106_0022,FSM07
396582,BF106_0023,FSM07
396583,BF106_0024,FSM07
396584,BF106_0025,FSM07
396585,BF106_0026,FSM07
396586,BF106_0027,FSM07
396587,BF106_0028,FSM07
396588,BF106_0029,FSM07
396589,BF106_0030,FSM07
396590,BF106_0031,FSM07
396591,BF106_0032,FSM07
396592,BF106_0033,FSM07
396593,BF106_0034,FSM07
396594,BF106_0035,FSM07
396595,BF106_0036,FSM07
396596,BF106_0037,FSM07
396597,BF106_0038,FSM07
396598,BF106_0039,FSM07
396599,BF106_0040,FSM07
396600,BF106_0041,FSM07
396601,BF106_0042,FSM07
396602,BF106_0043,FSM07
396603,BF106_0044,FSM07
396604,BF106_0045,FSM07
396605,BF106_0046,FSM07
396606,BF106_0047,FSM07
396607,BF106_0048,FSM07
396608,BF106_0049,FSM07
396609,BF106_0050,FSM07
396610,BF106_0051,FSM07
396611,BF106_0052,FSM07
396612,BF106_0053,FSM07
396613,BF106_0054,FSM07
396614,BF106_0055,FSM07
396615,BF106_0056,FSM07
396616,BF106_0057,FSM07
396617,BF106_0058,FSM07
396618,BF106_0059,FSM07
396619,BF106_0060,FSM07
396620,BF106_0061,FSM07
396621,BF106_0062,FSM07
396783,BF107_0001,FSM07
396784,BF107_0002,FSM07
396785,BF107_0003,FSM07
396786,BF107_0004,FSM07
396787,BF107_0005,FSM07
396788,BF107_0006,FSM07
396789,BF107_0007,FSM07
396790,BF107_0008,FSM07
396791,BF107_0009,FSM07
396792,BF107_0010,FSM07
396793,BF107_0011,FSM07
396794,BF107_0012,FSM07
396795,BF107_0013,FSM07
396796,BF107_0014,FSM07
396797,BF107_0015,FSM07
396798,BF107_0016,FSM07
396799,BF107_0017,FSM07
396800,BF107_0018,FSM07
396801,BF107_0019,FSM07
396802,BF107_0020,FSM07
396803,BF107_0021,FSM07
396804,BF107_0022,FSM07
396805,BF107_0023,FSM07
396806,BF107_0024,FSM07
396807,BF107_0025,FSM07
396808,BF107_0026,FSM07
396809,BF107_0027,FSM07
396810,BF107_0028,FSM07
396811,BF107_0029,FSM07
396812,BF107_0030,FSM07
396813,BF107_0031,FSM07
396622,BF108_0001,FSM07
396623,BF108_0002,FSM07
396624,BF108_0003,FSM07
396625,BF108_0004,FSM07
396626,BF108_0005,FSM07
396627,BF108_0006,FSM07
396628,BF108_0007,FSM07
396629,BF108_0008,FSM07
396630,BF108_0009,FSM07
396631,BF108_0010,FSM07
396632,BF108_0011,FSM07
396633,BF108_0012,FSM07
396634,BF108_0013,FSM07
396635,BF108_0014,FSM07
396636,BF108_0015,FSM07
396637,BF108_0016,FSM07
396638,BF108_0017,FSM07
396639,BF108_0018,FSM07
396640,BF108_0019,FSM07
396641,BF108_0020,FSM07
396642,BF108_0021,FSM07
396643,BF108_0022,FSM07
396644,BF108_0023,FSM07
396645,BF108_0024,FSM07
396646,BF108_0025,FSM07
396647,BF108_0026,FSM07
396648,BF108_0027,FSM07
396649,BF108_0028,FSM07
396650,BF108_0029,FSM07
396651,BF108_0030,FSM07
396652,BF108_0031,FSM07
396653,BF108_0032,FSM07
396654,BF108_0033,FSM07
396655,BF108_0034,FSM07
396656,BF108_0035,FSM07
396657,BF108_0036,FSM07
396658,BF108_0037,FSM07
396659,BF108_0038,FSM07
396660,BF108_0039,FSM07
396661,BF108_0040,FSM07
396662,BF108_0041,FSM07
396663,BF108_0042,FSM07
396664,BF108_0043,FSM07
396665,BF108_0044,FSM07
396666,BF108_0045,FSM07
396667,BF108_0046,FSM07
396668,BF108_0047,FSM07
396669,BF108_0048,FSM07
396670,BF108_0049,FSM07
396671,BF108_0050,FSM07
396672,BF108_0051,FSM07
396673,BF108_0052,FSM07
396674,BF108_0053,FSM07
396675,BF108_0054,FSM07
396676,BF108_0055,FSM07
396677,BF108_0056,FSM07
396678,BF108_0057,FSM07
396679,BF108_0058,FSM07
396680,BF108_0059,FSM07
396681,BF108_0060,FSM07
396682,BF108_0061,FSM07
396683,BF108_0062,FSM07
396684,BF108_0063,FSM07
396685,BF108_0064,FSM07
396686,BF108_0065,FSM07
396687,BF108_0066,FSM07
396688,BF108_0067,FSM07
396689,BF108_0068,FSM07
396690,BF108_0069,FSM07
396691,BF108_0070,FSM07
396692,BF108_0071,FSM07
396693,BF108_0072,FSM07
396694,BF108_0073,FSM07
396695,BF108_0074,FSM07
396696,BF108_0075,FSM07
396697,BF108_0076,FSM07
396698,BF108_0077,FSM07
396699,BF108_0078,FSM07
396700,BF108_0079,FSM07
396701,BF108_0080,FSM07
396702,BF108_0081,FSM07
396703,BF108_0082,FSM07
396704,BF108_0083,FSM07
396705,BF108_0084,FSM07
396706,BF108_0085,FSM07
396707,BF108_0086,FSM07
396708,BF108_0087,FSM07
396709,BF108_0088,FSM07
396710,BF108_0089,FSM07
396711,BF108_0090,FSM07
396712,BF108_0091,FSM07
396713,BF108_0092,FSM07
396714,BF108_0093,FSM07
396715,BF108_0094,FSM07
396716,BF108_0095,FSM07
396717,BF108_0096,FSM07
396718,BF108_0097,FSM07
396719,BF108_0098,FSM07
396720,BF108_0099,FSM07
396721,BF108_0100,FSM07
396722,BF108_0101,FSM07
396723,BF108_0102,FSM07
396724,BF108_0103,FSM07
396725,BF108_0104,FSM07
396726,BF108_0105,FSM07
396727,BF108_0106,FSM07
396728,BF108_0107,FSM07
396729,BF108_0108,FSM07
396730,BF108_0109,FSM07
396731,BF108_0110,FSM07
396732,BF108_0111,FSM07
396733,BF108_0112,FSM07
396734,BF108_0113,FSM07
396735,BF108_0114,FSM07
396736,BF108_0115,FSM07
396737,BF108_0116,FSM07
396738,BF108_0117,FSM07
396739,BF108_0118,FSM07
396740,BF108_0119,FSM07
396741,BF108_0120,FSM07
396742,BF108_0121,FSM07
396743,BF108_0122,FSM07
396744,BF108_0123,FSM07
396745,BF108_0124,FSM07
396746,BF108_0125,FSM07
396747,BF108_0126,FSM07
396748,BF108_0127,FSM07
396749,BF108_0128,FSM07
396750,BF108_0129,FSM07
396751,BF108_0130,FSM07
396752,BF108_0131,FSM07
396753,BF108_0132,FSM07
396754,BF108_0133,FSM07
396755,BF108_0134,FSM07
396756,BF108_0135,FSM07
396757,BF108_0136,FSM07
396758,BF108_0137,FSM07
396759,BF108_0138,FSM07
396760,BF108_0139,FSM07
396761,BF108_0140,FSM07
396762,BF108_0141,FSM07
396763,BF108_0142,FSM07
396764,BF108_0143,FSM07
396765,BF108_0144,FSM07
396766,BF108_0145,FSM07
396767,BF108_0146,FSM07
396768,BF108_0147,FSM07
396769,BF108_0148,FSM07
396770,BF108_0149,FSM07
396771,BF108_0150,FSM07
396772,BF108_0151,FSM07
396773,BF108_0152,FSM07
396774,BF108_0153,FSM07
396775,BF108_0154,FSM07
396776,BF108_0155,FSM07
396777,BF108_0156,FSM07
396778,BF108_0157,FSM07
396779,BF108_0158,FSM07
396780,BF108_0159,FSM07
396781,BF108_0160,FSM07
396782,BF108_0161,FSM07
417527,BF116_0165,FSM12
417528,BF116_0166,FSM12
417529,BF116_0167,FSM12
417530,BF116_0168,FSM12
177110,BF23_008,FSM01
221434,BF23_013,FSM01
198179,BF23_121,FSM01
194200,BF23_129,FSM01
151835,BF23_136,FSM01
207006,BF23_139,FSM01
189746,BF23_156,FSM01
211838,BF23_191,FSM01
175237,BF23_203,FSM01
214165,BF23_219,FSM01
170087,BF23_223,FSM01
221684,BF23_245,FSM01
352078,BG122_0111,FSU04
352079,BG122_0112,FSU04
162679,BG42_112,FSM02
169210,BG55_001,DELETE
182303,BG55_002,DELETE
224693,BG55_003,DELETE
176037,BG55_004,DELETE
200484,BG55_005,DELETE
158706,BG55_006,DELETE
166083,BG55_007,DELETE
167948,BG55_008,DELETE
199582,BG55_009,DELETE
186037,BG55_010,DELETE
157820,BG55_011,DELETE
198773,BG55_012,DELETE
210087,BG55_013,DELETE
191282,BG55_014,DELETE
226283,BG55_015,DELETE
179069,BG55_016,DELETE
202040,BG55_017,DELETE
159126,BG55_018,DELETE
181690,BG55_019,DELETE
220635,BG55_020,DELETE
195861,BG55_021,DELETE
190197,BG55_022,DELETE
195493,BG55_023,DELETE
195247,BG55_024,DELETE
224198,BG55_025,DELETE
175106,BG55_026,DELETE
135170,BG55_027,DELETE
200309,BG55_028,DELETE
222389,BG55_029,DELETE
199739,BG55_030,DELETE
180008,BG55_031,DELETE
223648,BG55_032,DELETE
211529,BG55_033,DELETE
127426,BG55_034,DELETE
189987,BG55_035,DELETE
192643,BG55_036,DELETE
214741,BG55_037,DELETE
131589,BG55_038,DELETE
143737,BG55_039,DELETE
222299,BG55_040,DELETE
196142,BG55_041,DELETE
219939,BG55_042,DELETE
197301,BG55_043,DELETE
204095,BG55_044,DELETE
187908,BG55_045,DELETE
225772,BG55_046,DELETE
144170,BG55_047,DELETE
214117,BG55_048,DELETE
205367,BG55_049,DELETE
188935,BG55_050,DELETE
213144,BG55_051,DELETE
188546,BG55_052,DELETE
201298,BG55_053,DELETE
182409,BG55_054,DELETE
207377,BG55_055,DELETE
221304,BG55_056,DELETE
206460,BG55_057,DELETE
221045,BG55_058,DELETE
140086,BG55_059,DELETE
133984,BG55_060,DELETE
168874,BG55_061,DELETE
133810,BG55_062,DELETE
137760,BG55_063,DELETE
211587,BG55_064,DELETE
212721,BG55_065,DELETE
219322,BG55_066,DELETE
215295,BG55_067,DELETE
145446,BG55_068,DELETE
212395,BG55_069,DELETE
202936,BG55_070,DELETE
187863,BG55_071,DELETE
155699,BG55_072,DELETE
170771,BG55_073,DELETE
154561,BG55_074,DELETE
155168,BG55_075,DELETE
200817,BG55_076,DELETE
209874,BG55_077,DELETE
196270,BG55_078,DELETE
193316,BG55_079,DELETE
187511,BG55_080,DELETE
226110,BG55_081,DELETE
226809,BG55_082,DELETE
197389,BG55_083,DELETE
166348,BG55_084,DELETE
202700,BG55_085,DELETE
165793,BG55_086,DELETE
216172,BG55_087,DELETE
152779,BG55_088,DELETE
176438,BG55_089,DELETE
171219,BG55_090,DELETE
137685,BG55_091,DELETE
150799,BG55_092,DELETE
139290,BG55_093,DELETE
158231,BG55_094,DELETE
131922,BG55_095,DELETE
214347,BG55_096,DELETE
217384,BG55_097,DELETE
187459,BG55_098,DELETE
203134,BG55_099,DELETE
221670,BG55_100,DELETE
218617,BG55_101,DELETE
217835,BG55_102,DELETE
182314,BG55_103,DELETE
211242,BG55_104,DELETE
153376,BG55_105,DELETE
203312,BG55_106,DELETE
153618,BG55_107,DELETE
163349,BG55_108,DELETE
225326,BG55_109,DELETE
178189,BG62_097,FSM03
206688,BPR01_026,FSM04
212867,BPR01_039,FSM04
190134,BPR01_071,FSM04
203766,BPR01_074,FSM04
224340,BPR01_088,FSM04
206398,BPR01_092,FSM04
216571,BPR01_101,FSM04
172008,BPR01_156,FSM04
203353,BPR01_159,FSM04
132470,BPR01_160,FSM04
172643,BPR01_177,FSM04
154089,BPR02_001,FSM04
178419,BPR02_037,FSM04
132500,BPR02_079,FSM04
153173,BPR02_080,FSM04
146735,BPR02_081,FSM04
129629,BPR02_126,FSM04
176811,BPR02_128,FSM04
171646,BPR02_137,FSM04
181252,BPR04_010,FSM04
156399,BPR05_048,FSM04
167290,BPR05_082,FSM04
205846,BPR05_107,FSM04
141811,BPR06_008,FSM04
209983,BPR06_014,FSM04
180225,BPR06_020,FSM04
175834,BPR06_023,FSM04
190782,BPR06_024,FSM04
192612,BPR07_001,FSM04
178700,BPR07_004,FSM04
206669,BPR07_005,FSM04
205927,BPR07_006,FSM04
150556,BPR07_010,FSM04
133885,BPR07_011,FSM04
164534,BPR07_012,FSM04
183675,BPR07_013,FSM04
185673,BPR07_014,FSM04
194114,BPR07_018,FSM04
192276,BPR07_026,FSM04
154865,BPR08_026,FSM04
127503,BPR10_017,FSM04
139903,BPR10_026,FSM04
165882,BPR10_042,FSM04
178681,BPR11_040,FSM04
209301,CF01_001,DELETE
212221,CF01_002,DELETE
191705,CF01_003,DELETE
176478,CF01_004,DELETE
205773,CF01_005,DELETE
181355,CF01_006,DELETE
179238,CF01_007,DELETE
184232,CF01_008,DELETE
145343,CF01_009,DELETE
195549,CF01_010,DELETE
171366,CF01_011,DELETE
196873,CF01_012,DELETE
224159,CF01_013,DELETE
160603,CF01_014,DELETE
205294,CF01_015,DELETE
186651,CF01_016,DELETE
191461,CF01_017,DELETE
175805,CF01_018,DELETE
153540,CF01_019,DELETE
175552,CF01_020,DELETE
186270,CF01_021,DELETE
135180,CF01_022,DELETE
164364,CF01_023,DELETE
178174,CF01_024,DELETE
136500,CF01_025,DELETE
174656,CF01_026,DELETE
207867,CF01_027,DELETE
220081,CF01_028,DELETE
177669,CF01_029,DELETE
180303,CF01_030,DELETE
136987,CF01_031,DELETE
137601,CF01_032,DELETE
200481,CF01_033,DELETE
127632,CF01_034,DELETE
225472,CF01_035,DELETE
214548,CF01_036,DELETE
201249,CF01_037,DELETE
157261,CF01_038,DELETE
213709,CF01_039,DELETE
195087,CF01_040,DELETE
144973,CF01_041,DELETE
208852,CF01_042,DELETE
177878,CF01_043,DELETE
224341,CF01_044,DELETE
224244,CF01_045,DELETE
179337,CF01_046,DELETE
164975,CF01_047,DELETE
226674,CF01_048,DELETE
197908,CF01_049,DELETE
130606,CF01_050,DELETE
179065,CF01_051,DELETE
193921,CF01_052,DELETE
204207,CF01_053,DELETE
197967,CF01_054,DELETE
175436,CF02_001,DELETE
168630,CF02_002,DELETE
172629,CF02_003,DELETE
225406,CF02_004,DELETE
209270,CF02_005,DELETE
219883,CF02_006,DELETE
181796,CF02_007,DELETE
179196,CF02_008,DELETE
176238,CF02_009,DELETE
225836,CF02_010,DELETE
175173,CF02_011,DELETE
133503,CF02_012,DELETE
223169,CF02_013,DELETE
211445,CF02_014,DELETE
178427,CF02_015,DELETE
179382,CF02_016,DELETE
216898,CF02_017,DELETE
156798,CF02_018,DELETE
190958,CF02_019,DELETE
159334,CF02_020,DELETE
172031,CF02_021,DELETE
166818,CF02_022,DELETE
221526,CF02_023,DELETE
166256,CF02_024,DELETE
211940,CF02_025,DELETE
207696,CF02_026,DELETE
127882,CF02_027,DELETE
219417,CF02_028,DELETE
132136,CF02_029,DELETE
214836,CF02_030,DELETE
216872,CF02_031,DELETE
162012,CF02_032,DELETE
227335,CF02_033,DELETE
217307,CF02_034,DELETE
186791,CF02_035,DELETE
178719,CF02_036,DELETE
224285,CF02_037,DELETE
204759,CF02_038,DELETE
127180,CF02_039,DELETE
156458,CF02_040,DELETE
138707,CF02_041,DELETE
161102,CF02_042,DELETE
186110,CF02_043,DELETE
138264,CF02_044,DELETE
221106,CF02_045,DELETE
215056,CF02_046,DELETE
210675,CF02_047,DELETE
205938,CF02_048,DELETE
173314,CF02_049,DELETE
180420,CF02_050,DELETE
192358,CF02_051,DELETE
176457,CF02_052,DELETE
176365,CF02_053,DELETE
171562,CF02_054,DELETE
162928,CF02_055,DELETE
178866,CF02_056,DELETE
161349,CF02_057,DELETE
142274,CF02_058,DELETE
223331,CF02_059,DELETE
212811,CF02_060,DELETE
192376,CF02_061,DELETE
157806,CF02_062,DELETE
227031,CF02_063,DELETE
176766,CF02_064,DELETE
216076,CF02_065,DELETE
183091,CF02_066,DELETE
210023,CF02_067,DELETE
206450,CF02_068,DELETE
218692,CF02_069,DELETE
197404,CF02_070,DELETE
200186,CF02_071,DELETE
204730,CF02_072,DELETE
131380,CF02_073,DELETE
224289,CF02_074,DELETE
130126,CF02_075,DELETE
207722,CF02_076,DELETE
197520,CF02_077,DELETE
175997,CF02_078,DELETE
226014,CF02_079,DELETE
222380,CF02_080,DELETE
158908,CF02_081,DELETE
177645,CF02_082,DELETE
220336,CF02_083,DELETE
216490,CF02_084,DELETE
227288,CF02_085,DELETE
221536,CF02_086,DELETE
157832,CF02_087,DELETE
180302,CF02_088,DELETE
173487,CF02_089,DELETE
126773,CF02_090,DELETE
179491,CF02_091,DELETE
219485,CF02_092,DELETE
215737,CF02_093,DELETE
445270,DA150228_0001,DELETE
445272,DA150228_0003,DELETE
445273,DA150228_0004,DELETE
445274,DA150228_0005,DELETE
445275,DA150228_0006,DELETE
445276,DA150228_0007,DELETE
445277,DA150228_0008,DELETE
445279,DA150228_0010,DELETE
445280,DA150228_0011,DELETE
445281,DA150228_0012,DELETE
445282,DA150228_0013,DELETE
445283,DA150228_0014,DELETE
445284,DA150228_0015,DELETE
445285,DA150228_0016,DELETE
445286,DA150228_0017,DELETE
445287,DA150228_0018,DELETE
445288,DA150228_0019,DELETE
445289,DA150228_0020,DELETE
445290,DA150228_0021,DELETE
445291,DA150228_0022,DELETE
445293,DA150228_0024,DELETE
445294,DA150228_0025,DELETE
445295,DA150228_0026,DELETE
445296,DA150228_0027,DELETE
445297,DA150228_0028,DELETE
445298,DA150228_0029,DELETE
445300,DA150228_0031,DELETE
445301,DA150228_0032,DELETE
445302,DA150228_0033,DELETE
445304,DA150228_0035,DELETE
445305,DA150228_0036,DELETE
445306,DA150228_0037,DELETE
445307,DA150228_0038,DELETE
445308,DA150228_0039,DELETE
445309,DA150228_0040,DELETE
445310,DA150228_0041,DELETE
445312,DA150228_0043,DELETE
445313,DA150228_0044,DELETE
445315,DA150228_0046,DELETE
445316,DA150228_0047,DELETE
445317,DA150228_0048,DELETE
445318,DA150228_0049,DELETE
445319,DA150228_0050,DELETE
445320,DA150228_0051,DELETE
445321,DA150228_0052,DELETE
445322,DA150228_0053,DELETE
445323,DA150228_0054,DELETE
445324,DA150228_0055,DELETE
445325,DA150228_0056,DELETE
445326,DA150228_0057,DELETE
445327,DA150228_0058,DELETE
445329,DA150228_0060,DELETE
445330,DA150228_0061,DELETE
445331,DA150228_0062,DELETE
445332,DA150228_0063,DELETE
445333,DA150228_0064,DELETE
445334,DA150228_0065,DELETE
445335,DA150228_0066,DELETE
445336,DA150228_0067,DELETE
445337,DA150228_0068,DELETE
445339,DA150228_0070,DELETE
445340,DA150228_0071,DELETE
445341,DA150228_0072,DELETE
445342,DA150228_0073,DELETE
445343,DA150228_0074,DELETE
445344,DA150228_0075,DELETE
445345,DA150228_0076,DELETE
445346,DA150228_0077,DELETE
445348,DA150228_0079,DELETE
445349,DA150228_0080,DELETE
445351,DA150228_0082,DELETE
445352,DA150228_0083,DELETE
445353,DA150228_0084,DELETE
445354,DA150228_0085,DELETE
445355,DA150228_0086,DELETE
445356,DA150228_0087,DELETE
445357,DA150228_0088,DELETE
445358,DA150228_0089,DELETE
445360,DA150228_0091,DELETE
445361,DA150228_0092,DELETE
445362,DA150228_0093,DELETE
445363,DA150228_0094,DELETE
445364,DA150228_0095,DELETE
445366,DA150228_0097,DELETE
445367,DA150228_0098,DELETE
445368,DA150228_0099,DELETE
445370,DA150228_0101,DELETE
445371,DA150228_0102,DELETE
445372,DA150228_0103,DELETE
445373,DA150228_0104,DELETE
445374,DA150228_0105,DELETE
445375,DA150228_0106,DELETE
445376,DA150228_0107,DELETE
445377,DA150228_0108,DELETE
445378,DA150228_0109,DELETE
445379,DA150228_0110,DELETE
445381,DA150228_0112,DELETE
445382,DA150228_0113,DELETE
445384,DA150228_0115,DELETE
445385,DA150228_0116,DELETE
445386,DA150228_0117,DELETE
445387,DA150228_0118,DELETE
445388,DA150228_0119,DELETE
445389,DA150228_0120,DELETE
445390,DA150228_0121,DELETE
445391,DA150228_0122,DELETE
445392,DA150228_0123,DELETE
445393,DA150228_0124,DELETE
445394,DA150228_0125,DELETE
445396,DA150228_0127,DELETE
445397,DA150228_0128,DELETE
445398,DA150228_0129,DELETE
445399,DA150228_0130,DELETE
445400,DA150228_0131,DELETE
445401,DA150228_0132,DELETE
445402,DA150228_0133,DELETE
445403,DA150228_0134,DELETE
445405,DA150228_0136,DELETE
445406,DA150228_0137,DELETE
445407,DA150228_0138,DELETE
445408,DA150228_0139,DELETE
445409,DA150228_0140,DELETE
445410,DA150228_0141,DELETE
445411,DA150228_0142,DELETE
445412,DA150228_0143,DELETE
445413,DA150228_0144,DELETE
445414,DA150228_0145,DELETE
445415,DA150228_0146,DELETE
445416,DA150228_0147,DELETE
445418,DA150228_0149,DELETE
445419,DA150228_0150,DELETE
445420,DA150228_0151,DELETE
445421,DA150228_0152,DELETE
445422,DA150228_0153,DELETE
445424,DA150228_0155,DELETE
445425,DA150228_0156,DELETE
445426,DA150228_0157,DELETE
445427,DA150228_0158,DELETE
445428,DA150228_0159,DELETE
445429,DA150228_0160,DELETE
445430,DA150228_0161,DELETE
445431,DA150228_0162,DELETE
445432,DA150228_0163,DELETE
445433,DA150228_0164,DELETE
445434,DA150228_0165,DELETE
445436,DA150228_0167,DELETE
445437,DA150228_0168,DELETE
445438,DA150228_0169,DELETE
445439,DA150228_0170,DELETE
445440,DA150228_0171,DELETE
445441,DA150228_0172,DELETE
445442,DA150228_0173,DELETE
445444,DA150228_0175,DELETE
445445,DA150228_0176,DELETE
445446,DA150228_0177,DELETE
445447,DA150228_0178,DELETE
445448,DA150228_0179,DELETE
445449,DA150228_0180,DELETE
445451,DA150228_0182,DELETE
445452,DA150228_0183,DELETE
445453,DA150228_0184,DELETE
445455,DA150228_0186,DELETE
445456,DA150228_0187,DELETE
445457,DA150228_0188,DELETE
445459,DA150228_0190,DELETE
445460,DA150228_0191,DELETE
445461,DA150228_0192,DELETE
445462,DA150228_0193,DELETE
445464,DA150228_0195,DELETE
445465,DA150228_0196,DELETE
445466,DA150228_0197,DELETE
445467,DA150228_0198,DELETE
445468,DA150228_0199,DELETE
445469,DA150228_0200,DELETE
445470,DA150228_0201,DELETE
445471,DA150228_0202,DELETE
445472,DA150228_0203,DELETE
445473,DA150228_0204,DELETE
445474,DA150228_0205,DELETE
445476,DA150228_0207,DELETE
445477,DA150228_0208,DELETE
445478,DA150228_0209,DELETE
445479,DA150228_0210,DELETE
445480,DA150228_0211,DELETE
445482,DA150228_0213,DELETE
445483,DA150228_0214,DELETE
445484,DA150228_0215,DELETE
445485,DA150228_0216,DELETE
445486,DA150228_0217,DELETE
445487,DA150228_0218,DELETE
445489,DA150228_0220,DELETE
445490,DA150228_0221,DELETE
445491,DA150228_0222,DELETE
445492,DA150228_0223,DELETE
445493,DA150228_0224,DELETE
445494,DA150228_0225,DELETE
445495,DA150228_0226,DELETE
445496,DA150228_0227,DELETE
445498,DA150228_0229,DELETE
445499,DA150228_0230,DELETE
445500,DA150228_0231,DELETE
445501,DA150228_0232,DELETE
445502,DA150228_0233,DELETE
445503,DA150228_0234,DELETE
445558,DA150306_0002,DELETE
445559,DA150306_0003,DELETE
445560,DA150306_0004,DELETE
445561,DA150306_0005,DELETE
445562,DA150306_0006,DELETE
445563,DA150306_0007,DELETE
445564,DA150306_0008,DELETE
445565,DA150306_0009,DELETE
445566,DA150306_0010,DELETE
445567,DA150306_0011,DELETE
445568,DA150306_0012,DELETE
445570,DA150306_0014,DELETE
445571,DA150306_0015,DELETE
445572,DA150306_0016,DELETE
445574,DA150306_0018,DELETE
445575,DA150306_0019,DELETE
445576,DA150306_0020,DELETE
445577,DA150306_0021,DELETE
445578,DA150306_0022,DELETE
445579,DA150306_0023,DELETE
445580,DA150306_0024,DELETE
445581,DA150306_0025,DELETE
445583,DA150306_0027,DELETE
445584,DA150306_0028,DELETE
445585,DA150306_0029,DELETE
445586,DA150306_0030,DELETE
445587,DA150306_0031,DELETE
445589,DA150306_0033,DELETE
445590,DA150306_0034,DELETE
445591,DA150306_0035,DELETE
445592,DA150306_0036,DELETE
445593,DA150306_0037,DELETE
445594,DA150306_0038,DELETE
445595,DA150306_0039,DELETE
445597,DA150306_0041,DELETE
445598,DA150306_0042,DELETE
445599,DA150306_0043,DELETE
445600,DA150306_0044,DELETE
445601,DA150306_0045,DELETE
445602,DA150306_0046,DELETE
445603,DA150306_0047,DELETE
445604,DA150306_0048,DELETE
445605,DA150306_0049,DELETE
445606,DA150306_0050,DELETE
445607,DA150306_0051,DELETE
445609,DA150306_0053,DELETE
445610,DA150306_0054,DELETE
445611,DA150306_0055,DELETE
445612,DA150306_0056,DELETE
445613,DA150306_0057,DELETE
445614,DA150306_0058,DELETE
445615,DA150306_0059,DELETE
445616,DA150306_0060,DELETE
445617,DA150306_0061,DELETE
445618,DA150306_0062,DELETE
445620,DA150306_0064,DELETE
445621,DA150306_0065,DELETE
445622,DA150306_0066,DELETE
445623,DA150306_0067,DELETE
445624,DA150306_0068,DELETE
445625,DA150306_0069,DELETE
445626,DA150306_0070,DELETE
445627,DA150306_0071,DELETE
445628,DA150306_0072,DELETE
445629,DA150306_0073,DELETE
445631,DA150306_0075,DELETE
445633,DA150306_0077,DELETE
445634,DA150306_0078,DELETE
445635,DA150306_0079,DELETE
445636,DA150306_0080,DELETE
445637,DA150306_0081,DELETE
445638,DA150306_0082,DELETE
445639,DA150306_0083,DELETE
445641,DA150306_0085,DELETE
445642,DA150306_0086,DELETE
445643,DA150306_0087,DELETE
445644,DA150306_0088,DELETE
445645,DA150306_0089,DELETE
445646,DA150306_0090,DELETE
445647,DA150306_0091,DELETE
445648,DA150306_0092,DELETE
445650,DA150306_0094,DELETE
445651,DA150306_0095,DELETE
445652,DA150306_0096,DELETE
445653,DA150306_0097,DELETE
445654,DA150306_0098,DELETE
445655,DA150306_0099,DELETE
445656,DA150306_0100,DELETE
445657,DA150306_0101,DELETE
445658,DA150306_0102,DELETE
445659,DA150306_0103,DELETE
445660,DA150306_0104,DELETE
445661,DA150306_0105,DELETE
445662,DA150306_0106,DELETE
445663,DA150306_0107,DELETE
445664,DA150306_0108,DELETE
445665,DA150306_0109,DELETE
445666,DA150306_0110,DELETE
445667,DA150306_0111,DELETE
445668,DA150306_0112,DELETE
445670,DA150306_0114,DELETE
445671,DA150306_0115,DELETE
445672,DA150306_0116,DELETE
445674,DA150306_0118,DELETE
445675,DA150306_0119,DELETE
445676,DA150306_0120,DELETE
445677,DA150306_0121,DELETE
445678,DA150306_0122,DELETE
445679,DA150306_0123,DELETE
445680,DA150306_0124,DELETE
445682,DA150306_0126,DELETE
445684,DA150306_0128,DELETE
445685,DA150306_0129,DELETE
445686,DA150306_0130,DELETE
445687,DA150306_0131,DELETE
445688,DA150306_0132,DELETE
445689,DA150306_0133,DELETE
445690,DA150306_0134,DELETE
445691,DA150306_0135,DELETE
445692,DA150306_0136,DELETE
445693,DA150306_0137,DELETE
445694,DA150306_0138,DELETE
445695,DA150306_0139,DELETE
445696,DA150306_0140,DELETE
445698,DA150306_0142,DELETE
445699,DA150306_0143,DELETE
445700,DA150306_0144,DELETE
445701,DA150306_0145,DELETE
445702,DA150306_0146,DELETE
445704,DA150306_0148,DELETE
445705,DA150306_0149,DELETE
445706,DA150306_0150,DELETE
445707,DA150306_0151,DELETE
445708,DA150306_0152,DELETE
445709,DA150306_0153,DELETE
445710,DA150306_0154,DELETE
445711,DA150306_0155,DELETE
445712,DA150306_0156,DELETE
445713,DA150306_0157,DELETE
445714,DA150306_0158,DELETE
445715,DA150306_0159,DELETE
445716,DA150306_0160,DELETE
445717,DA150306_0161,DELETE
445718,DA150306_0162,DELETE
445719,DA150306_0163,DELETE
445720,DA150306_0164,DELETE
445722,DA150306_0166,DELETE
445724,DA150306_0168,DELETE
445725,DA150306_0169,DELETE
445726,DA150306_0170,DELETE
445727,DA150306_0171,DELETE
445729,DA150306_0173,DELETE
445731,DA150306_0175,DELETE
445732,DA150306_0176,DELETE
445733,DA150306_0177,DELETE
445734,DA150306_0178,DELETE
445735,DA150306_0179,DELETE
445736,DA150306_0180,DELETE
445737,DA150306_0181,DELETE
445738,DA150306_0182,DELETE
445739,DA150306_0183,DELETE
445740,DA150306_0184,DELETE
445741,DA150306_0185,DELETE
445742,DA150306_0186,DELETE
445743,DA150306_0187,DELETE
445744,DA150306_0188,DELETE
445745,DA150306_0189,DELETE
445747,DA150306_0191,DELETE
445748,DA150306_0192,DELETE
445749,DA150306_0193,DELETE
445750,DA150306_0194,DELETE
445751,DA150306_0195,DELETE
445752,DA150306_0196,DELETE
445755,DA150306_0199,DELETE
445756,DA150306_0200,DELETE
445757,DA150306_0201,DELETE
445758,DA150306_0202,DELETE
445759,DA150306_0203,DELETE
445760,DA150306_0204,DELETE
445761,DA150306_0205,DELETE
445762,DA150306_0206,DELETE
445763,DA150306_0207,DELETE
445764,DA150306_0208,DELETE
445765,DA150306_0209,DELETE
445766,DA150306_0210,DELETE
445767,DA150306_0211,DELETE
445769,DA150306_0213,DELETE
445770,DA150306_0214,DELETE
445771,DA150306_0215,DELETE
445772,DA150306_0216,DELETE
445773,DA150306_0217,DELETE
445774,DA150306_0218,DELETE
445775,DA150306_0219,DELETE
445776,DA150306_0220,DELETE
445778,DA150306_0222,DELETE
445779,DA150306_0223,DELETE
445780,DA150306_0224,DELETE
445781,DA150306_0225,DELETE
445782,DA150306_0226,DELETE
445783,DA150306_0227,DELETE
445784,DA150306_0228,DELETE
445786,DA150306_0230,DELETE
445787,DA150306_0231,DELETE
445788,DA150306_0232,DELETE
445789,DA150306_0233,DELETE
445790,DA150306_0234,DELETE
201285,DH01_031,FSM04
140533,DH01_038,FSM04
141384,DH01_142,FSM04
136536,DH01_166,FSM04
160660,DH01_168,FSM04
138277,DH02_113,FSM04
168029,DH03_015,FSM04
135469,DH03_067,FSM04
147136,DH06_016,FSM04
214403,DH08_042,FSM04
209584,DH08_122,FSM04
127160,DH08_123,FSM04
173783,DH08_146,FSM04
197169,DH08_148,FSM04
171721,DH10_004,FSM04
217479,DH10_017,FSM04
220271,DH10_136,FSM04
145141,DH10_144,FSM04
187355,DH10_254,FSM04
226113,DH11_065,FSM05
210855,DH12_061,FSM05
207929,DZ01_011,FSM03
178459,DZ13_140,FSM03
195136,DZ20_082,FSM03
164266,DZ20_083,FSM03
214244,DZ20_084,FSM03
155344,DZ21_033,FSM10
182862,DZ21_056,FSM10
155190,DZ21_083,FSM10
214429,DZ21_117,FSM10
196023,DZ21_152,FSM10
151469,DZ21_153,FSM10
180901,DZ21_154,FSM10
211793,DZ21_155,FSM10
212110,DZ21_156,FSM10
170542,DZ21_157,FSM10
155564,DZ21_158,FSM10
192363,DZ21_159,FSM10
161224,EK01_061,FSM01
152475,EK01_063,FSM01
175007,EK01_074,FSM01
219220,EK01_075,FSM01
194921,EK01_078,FSM01
169851,GM01_202,FSM01
166513,GM01_203,FSM01
177170,GM01_204,FSM01
167597,GM01_205,FSM01
129138,HH07_092,FSM05
200678,HH07_093,FSM05
168326,HH10_033,FSM05
137810,HJ01_015,FSM01
192420,HJ01_016,FSM01
184322,HJ04_043,FSM01
185459,HJ04_090,FSM01
148040,HJ04_101,FSM01
168514,HJ04_106,FSM01
130999,HJ15_051,FSM04
197188,IB01_056,FSM04
180179,IB01_064,FSM04
183699,IB01_068,FSM04
195702,IB01_074,FSM04
198893,IB01_082,FSM04
222599,IB01_101,FSM04
220211,IB01_108,FSM04
372742,JFR002_0001,FSM06
372743,JFR002_0002,FSM06
372744,JFR002_0003,FSM06
372745,JFR002_0004,FSM06
372746,JFR002_0005,FSM06
372747,JFR002_0006,FSM06
372748,JFR002_0007,FSM06
372749,JFR002_0008,FSM06
372750,JFR002_0009,FSM06
372751,JFR002_0010,FSM06
372752,JFR002_0011,FSM06
372753,JFR002_0012,FSM06
372754,JFR002_0013,FSM06
372755,JFR002_0014,FSM06
372756,JFR002_0015,FSM06
372757,JFR002_0016,FSM06
372758,JFR002_0017,FSM06
372759,JFR002_0018,FSM06
372760,JFR002_0019,FSM06
372761,JFR002_0020,FSM06
372762,JFR002_0021,FSM06
372763,JFR002_0022,FSM06
372764,JFR002_0023,FSM06
372765,JFR002_0024,FSM06
372766,JFR002_0025,FSM06
372767,JFR002_0026,FSM06
372768,JFR002_0027,FSM06
372769,JFR002_0028,FSM06
372770,JFR002_0029,FSM06
372771,JFR002_0030,FSM06
372772,JFR002_0031,FSM06
372773,JFR002_0032,FSM06
372774,JFR002_0033,FSM06
372775,JFR002_0034,FSM06
372776,JFR002_0035,FSM06
372777,JFR002_0036,FSM06
372778,JFR002_0037,FSM06
372779,JFR002_0038,FSM06
372780,JFR002_0039,FSM06
372781,JFR002_0040,FSM06
372782,JFR002_0041,FSM06
372783,JFR002_0042,FSM06
372784,JFR002_0043,FSM06
372785,JFR002_0044,FSM06
372786,JFR002_0045,FSM06
372787,JFR002_0046,FSM06
372788,JFR002_0047,FSM06
372789,JFR002_0048,FSM06
372790,JFR002_0049,FSM06
372791,JFR002_0050,FSM06
372792,JFR002_0051,FSM06
372793,JFR002_0052,FSM06
372794,JFR002_0053,FSM06
372795,JFR002_0054,FSM06
372796,JFR002_0055,FSM06
372797,JFR002_0056,FSM06
372798,JFR002_0057,FSM06
372799,JFR002_0058,FSM06
372800,JFR002_0059,FSM06
372801,JFR002_0060,FSM06
372802,JFR002_0061,FSM06
372803,JFR002_0062,FSM06
372804,JFR002_0063,FSM06
372805,JFR002_0064,FSM06
372806,JFR002_0065,FSM06
372807,JFR002_0066,FSM06
372808,JFR002_0067,FSM06
372809,JFR002_0068,FSM06
372810,JFR002_0069,FSM06
372811,JFR002_0070,FSM06
372812,JFR002_0071,FSM06
372813,JFR002_0072,FSM06
372814,JFR002_0073,FSM06
372815,JFR002_0074,FSM06
372816,JFR002_0075,FSM06
372817,JFR002_0076,FSM06
372818,JFR002_0077,FSM06
372819,JFR002_0078,FSM06
160213,JH01_004,DELETE
190603,JH01_008,DELETE
152892,JH01_028,DELETE
170312,JHF01,DELETE
206720,JHF01_001,DELETE
129875,JHF01_002,DELETE
208837,JHF01_7011,DELETE
129418,JHF01_7015,DELETE
222503,JHF01_7020,DELETE
133161,JHF01_7023,DELETE
225301,JHF01_7027,DELETE
190935,JHF01_7050,DELETE
127100,JHF01_7051,DELETE
201100,JHF01_7053,DELETE
218065,JHF01_7060,DELETE
223374,JHF01_7090,DELETE
128695,JHF01_7093,DELETE
128949,JHF01_7101,DELETE
127684,JHF01_7142,DELETE
154943,JHF01_7161,DELETE
140959,JHF01_7174,DELETE
195557,JHF01_7181,DELETE
146804,JHF01_7189,DELETE
137733,JHF01_7198,DELETE
129703,JHF01_7210,DELETE
226799,JHF01_7212,DELETE
216046,JHF01_7213,DELETE
177917,JHF01_7223,DELETE
219162,JHF01_7227,DELETE
216179,JHF01_7258,DELETE
180201,JHF01_7278,DELETE
224936,JHF01_7280,DELETE
202212,JHF01_7329,DELETE
218749,JHF01_7344,DELETE
217895,JHF01_7362,DELETE
215247,JHF01_7363,DELETE
210496,JHF01_7368,DELETE
200515,JHF01_7381,DELETE
226947,JHF01_7388,DELETE
129938,JHF01_7404,DELETE
221307,JHF02_7078,DELETE
209495,JHF02_7105,DELETE
211406,JHF02_7108,DELETE
211228,JHF02_7119,DELETE
203426,JHF02_7148,DELETE
215395,JHF02_7156,DELETE
195944,JHF02_7217,DELETE
197854,JHF02_7218,DELETE
216178,JHF02_7252,DELETE
127157,JHF02_7296,DELETE
185012,JHF02_7331,DELETE
127500,JHF02_7336,DELETE
129186,JHF02_7340,DELETE
128729,JHF02_7348,DELETE
224169,JHF02_7358,DELETE
226102,JHF02_7394,DELETE
151515,JHF02_7396,DELETE
222223,JHF02_7401,DELETE
265435,JR04_030,FSM03
169764,KB01_001,FSM01
167367,KB01_002,FSM01
136534,KB01_007,FSM01
155776,KB01_018,FSM01
161972,KB01_020,FSM01
144801,KB01_027,FSM01
185943,KE01_013,FSM01
158234,KE01_016,FSM01
157139,KE01_018,FSM01
160756,KE01_019,FSM01
146210,KE01_020,FSM01
137602,KE01_021,FSM01
153029,KE01_029,FSM01
130493,KE01_030,FSM01
184191,KE01_037,FSM01
180587,KE01_039,FSM01
165022,KE01_041,FSM01
173746,KE02_001,FSM01
136549,KE02_003,FSM01
167200,KE02_004,FSM01
152379,KE02_005,FSM01
166751,KE02_007,FSM01
136464,KE02_009,FSM01
144575,KE02_011,FSM01
153753,KE02_012,FSM01
143799,KE02_014,FSM01
139867,KE02_015,FSM01
181330,KE02_016,FSM01
185807,KE02_017,FSM01
151276,KE02_030,FSM01
166184,KW57_028,FSM01
162501,LT03_034,FSM01
276703,MGE03_028,FSM04
276704,MGE03_029,FSM04
276705,MGE03_030,FSM04
276706,MGE03_031,FSM04
276707,MGE03_032,FSM04
276708,MGE03_033,FSM04
276709,MGE03_034,FSM04
133177,MH01_003,FSM01
164280,MH01_013,FSM01
154437,MH01_022,FSM01
136817,MH01_043,FSM01
154093,MH01_044,FSM01
172861,MH01_045,FSM01
191978,MH01_046,FSM01
158344,MH01_048,FSM01
177218,MH01_060,FSM01
178070,MH01_062,FSM01
157888,MH01_064,FSM01
167371,MH01_065,FSM01
166595,MH01_067,FSM01
129432,MH01_068,FSM01
219822,MH01_076,FSM01
183803,MH01_082,FSM01
149410,MH01_083,FSM01
159337,MH01_087,FSM01
398343,MHAN001_0001,FSM08
398344,MHAN001_0002,FSM08
398345,MHAN001_0003,FSM08
398346,MHAN001_0004,FSM08
398347,MHAN001_0005,FSM08
398348,MHAN001_0006,FSM08
398349,MHAN001_0007,FSM08
398350,MHAN001_0008,FSM08
398351,MHAN001_0009,FSM08
398352,MHAN001_0010,FSM08
398353,MHAN001_0011,FSM08
398354,MHAN001_0012,FSM08
398355,MHAN001_0013,FSM08
398356,MHAN001_0014,FSM08
398357,MHAN001_0015,FSM08
398358,MHAN001_0016,FSM08
398359,MHAN001_0017,FSM08
398360,MHAN001_0018,FSM08
398361,MHAN001_0019,FSM08
398362,MHAN001_0020,FSM08
398363,MHAN001_0021,FSM08
398364,MHAN001_0022,FSM08
398365,MHAN001_0023,FSM08
398366,MHAN001_0024,FSM08
398367,MHAN001_0025,FSM08
398368,MHAN001_0026,FSM08
398369,MHAN001_0027,FSM08
398370,MHAN001_0028,FSM08
398371,MHAN001_0029,FSM08
398372,MHAN001_0030,FSM08
398373,MHAN001_0031,FSM08
398374,MHAN001_0032,FSM08
398375,MHAN001_0033,FSM08
398376,MHAN001_0034,FSM08
398377,MHAN001_0035,FSM08
398378,MHAN001_0036,FSM08
398379,MHAN001_0037,FSM08
398380,MHAN001_0038,FSM08
398381,MHAN001_0039,FSM08
398382,MHAN001_0040,FSM08
398383,MHAN001_0041,FSM08
398384,MHAN001_0042,FSM08
398385,MHAN001_0043,FSM08
398386,MHAN001_0044,FSM08
398387,MHAN001_0045,FSM08
398388,MHAN001_0046,FSM08
398389,MHAN001_0047,FSM08
398390,MHAN001_0048,FSM08
398391,MHAN001_0049,FSM08
398392,MHAN001_0050,FSM08
398393,MHAN001_0051,FSM08
398394,MHAN001_0052,FSM08
398395,MHAN001_0053,FSM08
398396,MHAN001_0054,FSM08
398397,MHAN001_0055,FSM08
398398,MHAN001_0056,FSM08
398399,MHAN001_0057,FSM08
398400,MHAN001_0058,FSM08
398401,MHAN001_0059,FSM08
398402,MHAN001_0060,FSM08
398403,MHAN001_0061,FSM08
398404,MHAN001_0062,FSM08
398405,MHAN001_0063,FSM08
398406,MHAN001_0064,FSM08
398407,MHAN001_0065,FSM08
398408,MHAN003_0001,FSM08
398409,MHAN003_0002,FSM08
398410,MHAN003_0003,FSM08
398411,MHAN003_0004,FSM08
398412,MHAN003_0005,FSM08
398413,MHAN003_0007,FSM08
398414,MHAN003_0008,FSM08
398415,MHAN003_0009,FSM08
398416,MHAN003_0010,FSM08
398417,MHAN003_0011,FSM08
398418,MHAN003_0012,FSM08
398419,MHAN003_0013,FSM08
398420,MHAN003_0014,FSM08
398421,MHAN003_0015,FSM08
398422,MHAN003_0016,FSM08
398423,MHAN003_0017,FSM08
398424,MHAN003_0018,FSM08
398425,MHAN003_0019,FSM08
398545,MHAN006_0001,FSM08
398546,MHAN006_0002,FSM08
398547,MHAN006_0003,FSM08
398548,MHAN006_0004,FSM08
398549,MHAN006_0005,FSM08
398551,MHAN006_0006,FSM08
398550,MHAN006_0007,FSM08
398552,MHAN006_0008,FSM08
398553,MHAN006_0009,FSM08
398554,MHAN006_0010,FSM08
398555,MHAN006_0011,FSM08
398556,MHAN006_0012,FSM08
398557,MHAN006_0013,FSM08
398558,MHAN006_0014,FSM08
398559,MHAN006_0015,FSM08
398560,MHAN006_0016,FSM08
398561,MHAN006_0017,FSM08
398562,MHAN006_0018,FSM08
398564,MHAN006_0019,FSM08
398565,MHAN006_0020,FSM08
398563,MHAN006_0021,FSM08
398566,MHAN006_0022,FSM08
398567,MHAN006_0023,FSM08
398568,MHAN006_0024,FSM08
398570,MHAN006_0025,FSM08
398569,MHAN006_0026,FSM08
398571,MHAN006_0027,FSM08
398572,MHAN006_0028,FSM08
398573,MHAN006_0029,FSM08
398574,MHAN006_0030,FSM08
398575,MHAN006_0031,FSM08
398576,MHAN006_0032,FSM08
398577,MHAN007_0001,FSM08
398578,MHAN007_0002,FSM08
398579,MHAN007_0003,FSM08
398580,MHAN007_0004,FSM08
398581,MHAN007_0005,FSM08
398582,MHAN007_0006,FSM08
398583,MHAN007_0007,FSM08
398584,MHAN007_0008,FSM08
398585,MHAN007_0009,FSM08
398586,MHAN007_0010,FSM08
398587,MHAN007_0011,FSM08
398588,MHAN007_0012,FSM08
398589,MHAN007_0013,FSM08
398590,MHAN007_0014,FSM08
398591,MHAN007_0015,FSM08
398592,MHAN007_0016,FSM08
398593,MHAN007_0017,FSM08
398594,MHAN007_0018,FSM08
398595,MHAN007_0019,FSM08
398596,MHAN007_0020,FSM08
398597,MHAN007_0021,FSM08
398598,MHAN007_0022,FSM08
398599,MHAN007_0023,FSM08
398600,MHAN007_0024,FSM08
398601,MHAN007_0025,FSM08
268926,NH07_074,FSM03
268927,NH07_075,FSM03
270845,NH10_499,FSM03
129249,NJ01_040,FSM01
160795,NJ01_041,FSM01
160058,NJ01_047,FSM01
166776,NJ01_049,FSM01
188020,NJ01_057,FSM01
133832,NJ01_060,FSM01
166328,NJ01_063,FSM01
155061,NJ01_064,FSM01
157169,NJ01_065,FSM01
197671,NJ01_066,FSM01
191361,NJ01_069,FSM01
173117,NJ01_070,FSM01
182375,NJ01_109,FSM01
162826,NJ01_110,FSM01
150018,NJ01_111,FSM01
166035,NJ01_112,FSM01
159087,NJ01_113,FSM01
136125,NJ01_114,FSM01
165294,NJ01_115,FSM01
149165,NJ01_116,FSM01
140872,NJ01_118,FSM01
161653,NJ01_121,FSM01
139671,NJ01_122,FSM01
188483,NJ01_124,FSM01
163336,NJ01_125,FSM01
156219,NJ01_128,FSM01
181166,NJ01_130,FSM01
184828,NJ01_131,FSM01
416921,OFE005_0126,FSM10
416922,OFE005_0127,FSM10
416923,OFE005_0128,FSM10
416924,OFE005_0129,FSM10
416925,OFE005_0130,FSM10
416926,OFE005_0131,FSM10
416927,OFE005_0132,FSM10
416928,OFE005_0133,FSM10
416929,OFE005_0134,FSM10
416930,OFE005_0135,FSM10
416931,OFE005_0136,FSM10
416932,OFE005_0137,FSM10
416933,OFE005_0138,FSM10
416934,OFE005_0139,FSM10
416935,OFE005_0140,FSM10
416936,OFE006_0001,FSM10
416937,OFE006_0002,FSM10
416938,OFE006_0003,FSM10
416939,OFE006_0004,FSM10
191732,PA01_036,FSM11
164714,PA01_037,FSM11
137500,PA01_038,FSM11
176613,PA01_039,FSM11
174868,PA02_002,FSM11
184311,PA02_003,FSM11
178134,PA02_005,FSM11
168892,PA02_006,FSM11
222412,PAC12_001,FSM11
187567,PAC12_002,FSM11
199214,PAC12_003,FSM11
215731,PAC12_004,FSM11
155928,PAC12_005,FSM11
188805,PAC12_006,FSM11
181368,PAC12_007,FSM11
185368,PAC12_008,FSM11
209493,PAC12_009,FSM11
159757,PAC12_010,FSM11
183835,PAC12_011,FSM11
197827,PAC12_012,FSM11
164504,PAC12_013,FSM11
198742,PAC12_014,FSM11
145489,PAC12_015,FSM11
217205,PAC12_016,FSM11
173649,PAC12_017,FSM11
208914,PAC12_018,FSM11
206694,PAC12_019,FSM11
204127,PAC12_020,FSM11
179277,PAC12_021,FSM11
150054,PAC12_022,FSM11
156787,PAC12_023,FSM11
167667,PAC12_024,FSM11
194148,PAC12_025,FSM11
179096,PAC12_026,FSM11
139008,PAC12_027,FSM11
143712,PAC12_028,FSM11
187139,PAC12_029,FSM11
218139,PAC12_030,FSM11
208127,PAC12_031,FSM11
178578,PAC12_032,FSM11
142990,PAC12_033,FSM11
216506,PAC12_034,FSM11
189241,PAC12_035,FSM11
173972,PAC12_036,FSM11
212447,PAC12_037,FSM11
156637,PAC12_038,FSM11
128295,PAC12_039,FSM11
215798,PAC12_040,FSM11
155153,PAC12_041,FSM11
191995,PAC12_042,FSM11
206964,PAC12_043,FSM11
182873,PAC12_044,FSM11
162926,PAC12_045,FSM11
208643,PAC12_046,FSM11
188865,PAC12_047,FSM11
206586,PAC12_048,FSM11
213995,PAC12_049,FSM11
187004,PAC12_050,FSM11
184862,PAC12_051,FSM11
187417,PAC12_052,FSM11
214281,PAC12_053,FSM11
212227,PAC12_054,FSM11
214145,PAC12_055,FSM11
207550,PAC12_056,FSM11
202060,PAC12_057,FSM11
167681,PAC12_058,FSM11
167976,PAC12_059,FSM11
201855,PAC12_060,FSM11
200357,PAC12_061,FSM11
174315,PAC12_062,FSM11
182633,PAC12_063,FSM11
192572,PAC12_064,FSM11
168253,PAC12_065,FSM11
175859,PAC12_066,FSM11
214913,PAC12_067,FSM11
191460,PAC12_068,FSM11
201400,PAC12_069,FSM11
142013,PAC24_002,DELETE
433535,PMA003_0001,FSM12
433536,PMA003_0002,FSM12
433537,PMA003_0003,FSM12
433538,PMA003_0004,FSM12
433539,PMA003_0005,FSM12
433540,PMA003_0006,FSM12
433541,PMA003_0007,FSM12
433542,PMA003_0008,FSM12
433543,PMA003_0009,FSM12
433544,PMA003_0010,FSM12
433545,PMA003_0011,FSM12
433546,PMA003_0012,FSM12
433547,PMA003_0013,FSM12
433548,PMA003_0014,FSM12
433549,PMA003_0015,FSM12
433550,PMA003_0016,FSM12
433551,PMA003_0017,FSM12
433552,PMA003_0018,FSM12
433553,PMA003_0019,FSM12
433554,PMA003_0020,FSM12
433555,PMA003_0021,FSM12
433556,PMA003_0022,FSM12
433557,PMA003_0023,FSM12
433558,PMA003_0024,FSM12
433559,PMA003_0025,FSM12
433560,PMA003_0026,FSM12
433561,PMA003_0027,FSM12
433562,PMA003_0028,FSM12
433563,PMA003_0029,FSM12
433564,PMA003_0030,FSM12
433565,PMA003_0031,FSM12
433566,PMA003_0032,FSM12
433567,PMA003_0033,FSM12
433568,PMA003_0034,FSM12
433569,PMA003_0035,FSM12
433570,PMA003_0036,FSM12
433571,PMA003_0037,FSM12
433572,PMA003_0038,FSM12
433573,PMA003_0039,FSM12
433574,PMA003_0040,FSM12
433575,PMA003_0041,FSM12
433576,PMA003_0042,FSM12
433577,PMA003_0043,FSM12
433578,PMA003_0044,FSM12
433579,PMA003_0045,FSM12
433580,PMA003_0046,FSM12
433581,PMA003_0047,FSM12
433582,PMA003_0048,FSM12
433586,PMA003_0052,FSM12
433587,PMA003_0053,FSM12
433588,PMA003_0054,FSM12
433589,PMA003_0055,FSM12
433590,PMA003_0056,FSM12
433591,PMA003_0057,FSM12
433592,PMA003_0058,FSM12
433593,PMA003_0059,FSM12
433594,PMA003_0060,FSM12
192748,PW01_037,FSM11
168522,PW01_075,FSM11
157372,PW01_093,FSM11
179221,PW01_115,FSM11
171379,PW01_118,FSM11
152060,PW01_161,FSM11
142561,PW01_164,FSM11
165279,PW01_165,FSM11
167246,PW01_167,FSM11
137572,PW01_169,FSM11
140920,PW02_031,FSM11
156312,PW02_053,FSM11
159605,PW02_121,FSM11
136057,PW02_122,FSM11
149328,RB01_002,DELETE
141672,RB01_003,DELETE
171396,RB01_004,DELETE
138948,RB01_007,DELETE
183997,RB01_009,DELETE
136776,RB01_011,DELETE
148054,RB01_013,DELETE
158849,RB01_016,DELETE
147703,RB01_020,DELETE
180951,RB01_021,DELETE
165045,RB01_022,DELETE
169212,RB01_030,DELETE
154261,RB01_031,DELETE
164826,RB01_032,DELETE
144245,RB01_034,DELETE
186628,RB01_035,DELETE
186720,RF03_150,DELETE
358684,RSO016_0495,FSM09
211383,RTO01_307,FSM11
199944,RTO01_344,FSM11
207713,RTO01_429,FSM11
131929,RTO01_450,FSM11
136044,RTO01_473,FSM11
137330,SS01_058,DELETE
170758,SS02_021,DELETE
162165,SS02_022,DELETE
169643,SS02_029,DELETE
181669,SS02_031,DELETE
165597,SS02_032,DELETE
152868,SS02_035,DELETE
190659,SS02_036,DELETE
170905,SS02_037,DELETE
145497,SS10_041,DELETE
142396,SSH01_010,FSM11
188338,SSH02_006,FSM11
170228,SSH02_040,FSM11
161255,SSH02_041,FSM11
175232,SSH02_042,FSM11
184507,SSH02_043,FSM11
175551,SSH02_046,FSM11
162562,SSH02_048,FSM11
172391,SSH02_050,FSM11
147102,SSH02_054,FSM11
167846,SSH02_055,FSM11
130176,SSH02_056,FSM11
148574,SSH02_058,FSM11
150027,SSH02_059,FSM11
148457,SSH02_060,FSM11
168615,SSH02_061,FSM11
135432,SSH02_063,FSM11
145217,SSH02_068,FSM11
183165,SSH02_069,FSM11
153306,SSH02_073,FSM11
166945,SSH02_078,FSM11
155304,SSH02_079,FSM11
152313,SSH02_090,FSM11
136015,SSH02_114,FSM11
191285,SSH02_120,FSM11
171029,SSH02_121,FSM11
190269,SSH02_122,FSM11
139409,SSH02_123,FSM11
169044,SSH02_125,FSM11
177111,SSH02_126,FSM11
156517,SSH02_127,FSM11
158714,ST01_086,FSM11
162238,ST01_099,FSM11
140690,ST01_101,FSM11
415748,ZW001_0001,DELETE
415749,ZW001_0002,DELETE
415750,ZW001_0003,DELETE
415751,ZW001_0004,DELETE
415752,ZW001_0005,DELETE
415753,ZW001_0006,DELETE
415754,ZW001_0007,DELETE
415755,ZW001_0008,DELETE
415756,ZW001_0009,DELETE
415757,ZW001_0010,DELETE
415758,ZW001_0011,DELETE
415759,ZW001_0012,DELETE
415760,ZW001_0013,DELETE
415761,ZW001_0014,DELETE
415762,ZW001_0015,DELETE
415763,ZW001_0016,DELETE
415764,ZW001_0017,DELETE
415765,ZW001_0018,DELETE
415766,ZW001_0019,DELETE
415767,ZW001_0020,DELETE
415768,ZW001_0021,DELETE
415769,ZW001_0022,DELETE
415770,ZW001_0023,DELETE
415771,ZW001_0024,DELETE
415772,ZW001_0025,DELETE
415773,ZW001_0026,DELETE
415774,ZW001_0027,DELETE
415775,ZW001_0028,DELETE
415776,ZW001_0029,DELETE
415777,ZW001_0030,DELETE
415778,ZW001_0031,DELETE
415779,ZW001_0032,DELETE
415780,ZW001_0033,DELETE
415781,ZW001_0034,DELETE
415782,ZW001_0035,DELETE
415783,ZW001_0036,DELETE
415784,ZW001_0037,DELETE
415785,ZW001_0038,DELETE
415786,ZW001_0039,DELETE
415787,ZW001_0040,DELETE
415788,ZX001_0001,DELETE
415789,ZX001_0002,DELETE
415790,ZX001_0003,DELETE
415791,ZX001_0004,DELETE
415792,ZX001_0005,DELETE
415793,ZX001_0006,DELETE
415794,ZX001_0007,DELETE
415795,ZX001_0008,DELETE
415796,ZX001_0009,DELETE
415797,ZX001_0010,DELETE
415798,ZX001_0011,DELETE
415799,ZX001_0012,DELETE
415800,ZX001_0013,DELETE
415801,ZX001_0014,DELETE
415802,ZX001_0015,DELETE
415803,ZX001_0016,DELETE
415804,ZX001_0017,DELETE
415805,ZX001_0018,DELETE
415806,ZX001_0019,DELETE
415807,ZX001_0020,DELETE
415808,ZX001_0021,DELETE
415809,ZX001_0022,DELETE
415810,ZX001_0023,DELETE
415811,ZX001_0024,DELETE
415812,ZX001_0025,DELETE
415813,ZX001_0026,DELETE
415814,ZX001_0027,DELETE
415815,ZX001_0028,DELETE
415816,ZX001_0029,DELETE
415817,ZX001_0030,DELETE
415818,ZX001_0031,DELETE
415819,ZX001_0032,DELETE
415820,ZX001_0033,DELETE
415821,ZX001_0034,DELETE
415822,ZX001_0035,DELETE
415823,ZX001_0036,DELETE
415824,ZX001_0037,DELETE
415825,ZX001_0038,DELETE
415826,ZX001_0039,DELETE
415827,ZX001_0040,DELETE
415828,ZY001_0001,DELETE
415829,ZY001_0002,DELETE
415830,ZY001_0003,DELETE
415831,ZY001_0004,DELETE
415832,ZY001_0005,DELETE
415833,ZY001_0006,DELETE
415834,ZY001_0007,DELETE
415835,ZY001_0008,DELETE
415836,ZY001_0009,DELETE
415837,ZY001_0010,DELETE
415838,ZY001_0011,DELETE
415839,ZY001_0012,DELETE
415840,ZY001_0013,DELETE
415841,ZY001_0014,DELETE
415842,ZY001_0015,DELETE
415843,ZY001_0016,DELETE
415844,ZY001_0017,DELETE
415845,ZY001_0018,DELETE
415846,ZY001_0019,DELETE
415847,ZY001_0020,DELETE
415848,ZY001_0021,DELETE
415849,ZY001_0022,DELETE
415850,ZY001_0023,DELETE
415851,ZY001_0024,DELETE
415852,ZY001_0025,DELETE
415853,ZY001_0026,DELETE
415854,ZY001_0027,DELETE
415855,ZY001_0028,DELETE
415856,ZY001_0029,DELETE
415857,ZY001_0030,DELETE
415858,ZY001_0031,DELETE
415859,ZY001_0032,DELETE
415860,ZY001_0033,DELETE
415861,ZY001_0034,DELETE
415862,ZY001_0035,DELETE
415863,ZY001_0036,DELETE
415864,ZY001_0037,DELETE
415865,ZY001_0038,DELETE
415866,ZY001_0039,DELETE
415867,ZY001_0040,DELETE
415868,ZZ001_0001,DELETE
415869,ZZ001_0002,DELETE
415870,ZZ001_0003,DELETE
415871,ZZ001_0004,DELETE
415872,ZZ001_0005,DELETE
415873,ZZ001_0006,DELETE
415874,ZZ001_0007,DELETE
415875,ZZ001_0008,DELETE
415876,ZZ001_0009,DELETE
415877,ZZ001_0010,DELETE
415878,ZZ001_0011,DELETE
415879,ZZ001_0012,DELETE
415880,ZZ001_0013,DELETE
415881,ZZ001_0014,DELETE
415882,ZZ001_0015,DELETE
415883,ZZ001_0016,DELETE
415884,ZZ001_0017,DELETE
415885,ZZ001_0018,DELETE
415886,ZZ001_0019,DELETE
415887,ZZ001_0020,DELETE
415888,ZZ001_0021,DELETE
415889,ZZ001_0022,DELETE
415890,ZZ001_0023,DELETE
415891,ZZ001_0024,DELETE
415892,ZZ001_0025,DELETE
415893,ZZ001_0026,DELETE
415894,ZZ001_0027,DELETE
415895,ZZ001_0028,DELETE
415896,ZZ001_0029,DELETE
415897,ZZ001_0030,DELETE
415898,ZZ001_0031,DELETE
415899,ZZ001_0032,DELETE
415900,ZZ001_0033,DELETE
415901,ZZ001_0034,DELETE
415902,ZZ001_0035,DELETE
415903,ZZ001_0036,DELETE
415904,ZZ001_0037,DELETE
415905,ZZ001_0038,DELETE
415906,ZZ001_0039,DELETE
415907,ZZ001_0040,DELETE
